First Name,Last Name,Gender
John,Smith,Male
Rita,Jones,Female
Charles,Johnson,Male
Jane,Schutte,Female
Zachary,Calvert,Male
Joseph,O'Connor,Male
Elaine,Benes,Female
Michael,Gonzalez,Male
Lindsay,Weir,Female
Nicholas,Andopolis,Male
Nina,Serritella,Female
Walter,Sobchak,Male
Frank,Wright,Male
Eugene,Pontecorvo,Male
Michael,Scott,Male
Phyllis,Vance,Female
Pamela,Halpert,Female
Frederick,Forman,Male
Eric,Pinciotti,Male
Dwight,Schrute,Male
Charles,Miner,Male
Andrew,Bernard,Male
George,Costanza,Male
Melvin,Sanger,Male
Wyck,Thayer,Male
Francesca,Fanelli,Female
Andrea,Flaherty,Female
Julia,Van Sickle,Female
Robert,Vance,Male
Margaret,Schuster,Female
Israel,Mandelbaum,Male
Cosmo,Kramer,Male
Kimberly,Kelly,Female
Daniel,Desario,Male
Millicent,Kentner,Female
Kenneth,Miller,Male
Norman,Stansfield,Male
William,Haverchuck,Male
Neal,Schweiber,Male
Jeffrey,Lebowski,Male
Mary,McMillan,Female
Natalie,Pryce,Female
Anatoli,Smorin,Male
Michael,Truk,Male
Scott,Dourque,Male
Anastasia,Giannopoulos,Female
Yolanda,Vasquez,Female
Andrew,Mason,Male
Molly,McMahon,Female
Zelda,Reilly,Female
Giorgio,Andriano,Male
Quinn,Smith,Male
Jonathan,O'Brien,Male
Lisa,Olson,Female
Linda,Cuomo,Female
Yoshi,Yamaguchi,Male
Henry,Scorpio,Male
Margaret,Simpson,Female
Charles,Burns,Male
Lyle,Lanley,Male
Philip,Fry,Male
Maude,Flanders,Female
Derek,Smalls,Male
David,St. Hubbins,Male
Nigel,Tufnel,Male
Keiko,Kanazawa,Female
William,Smith,Male
Joshua,Davis,Male
Wilhelmina,Murray,Female
Vivienne,DuBois,Female
Mark,Unger,Male
Trenton,Sizemore,Male
Pablo,Sanchez,Male
Victoria,Kawaguchi,Female
Kenneth,Kawaguchi,Male
Ernest,Steele,Male
Angela,Delvecchio,Female
Peter,Wheeler,Male
Monica,Shabazz,Female
Mark,DuBois,Male
John,Dorian,Male
Percival,Cox,Male
Robert,Kelso,Male
Robert,Harris,Male
Charlotte,Benson,Female
Donald,Moran,Male
George,Koyzis,Male
Jill,Campbell,Female
Johanna,Kruger,Female
Siobhan,McSorley,Female
Elaine,Richardson,Female
Kelly,O'Donohue,Female
Lamar,Kirkland,Male
Franklin,Bluth,Male
Christopher,Turk,Male
Giovanna,Italia,Female
Katherine,Davidson,Female
James,MacLeod,Male
Tyler,Durden,Male
Elizabeth,Wilson,Female
Autumn,Baker,Female
Scott,Sokalski,Male
Olga,Isaacson,Female
Georgia,Saunders,Female
Wendell,Schaefer,Male
Tyler,Macon,Male
Madison,Duncan,Female
Ronald,Boyle,Male
Gillian,Rothfuss,Female
Alexandra,Bailey,Female
Umberto,Parrilli,Male
Karl,Wellemeyer,Male
Josephine,Meyer,Female
Jeremy,Johnson,Male
Steven,Nicholson,Male
Jemima,Burkhart,Female
Delilah,Crenshaw,Female
Lilah,Walker,Female
Hannah,DeSimone,Female
Jacob,Martin,Male
Maria,Grimaldi,Female
Mario,Quinones,Male
Alfred,Wright-Bacque,Male
Alfredo,Sauze,Male
Malcolm,Lithgow,Male
Doris,Williams,Female
Jeremy,Beremy,Male
Hans,Manos,Male
Sheila,Conner,Female
James,Alexander,Male
Tania,Jimenez,Female
Darryl,Nelson,Male
Tobias,Funke,Male
Lydia,Prince,Female
Rachel,Oakley,Female
Hugh,Fitzpatrick,Male
Donna,Tarantino,Female
Dmitri,Petrovich,Male
Jacqueline,Zucker,Female
Matilda,Strang,Female
Lawrence,Peters,Male
Benjamin,Davison,Male
Harold,Peterson,Male
Xavier,Welch,Male
Yannick,Gauthier,Male
Charles,Brown,Male
Lucy,Van Pelt,Female
Linus,Van Pelt,Male
Calvin,Hobbes,Male
Susan,Derkins,Female
Kristine,Torvalds,Female
Clement,Bouvier,Male
Celeste,Sirico,Female
Frank,Costanza,Male
Estelle,Costanza,Female
Lawrence,David,Male
Giacomo,DiNardo,Male
Madeleine,Andrews,Female
Emily,Franzese,Female
Edna,Solis,Female
Rocio,Gomez,Female
Marianna,Knudsen,Female
Melody,Michaels,Female
Ross,McDonald,Male
Ida,Moran,Female
Stanley,Travers,Male
Ambrose,Chen,Male
Jerome,Seinfeld,Male
Vincent,Gray,Male
Lance,Simmons,Male
Paul,Jacobsen,Male
Vito,Lorenzano,Male
Hongyi,Li,Male
Danielle,Steinberg,Female
William,Pitt,Male
Hilda,Borg,Female
Ruth,Cohen,Female
Arthur,Adams,Male
Isobel,Dunne,Female
Timothy,Emerson,Male
Nora,Pittenger,Female
Olaf,Halvorsen,Male
Zoe,Davenport,Female
Cullen,Larson,Male
Rachel,Wilkins,Female
Veronica,Strauss,Female
Michaela,Edelblut,Female
Sharon,Robinson,Female
Leona,Matthews,Female
Lindsay,Matheson,Female
Travis,Wenger,Male
Quentin,Sparacino,Male
Patricia,Gordon,Female
Samantha,Nie,Female
Jean-Paul,LeFevre,Male
Alberto,Santo,Male
Vittoria,DiZenzo,Female
John,Maeno,Male
Ezra,Schmidt,Male
Jolene,Parton,Female
Kirstin,Kelly,Female
Chloe,McQue,Female
Rose,Nguyen,Female
Anita,Petersen,Female
Reginald,Jackson,Male
Anthony,Marino,Male
Wanda,Jones,Female
Gretchen,Greenbaum,Female
Yusuf,Guder,Male
Rebecca,Tighe,Female
Roy,Olds,Male
Daniel,Smith,Male
Christina,Porcelli,Female
Alonzo,Sanchez,Male
Chester,Selden,Male
Alfonso,Mariano,Male
Edna,Finch,Female
Frances,Yeager,Female
Elle,Schreiber,Female
Michael,Young,Male
Virginia,Rogers,Female
Molly,Zilker,Female
Richard,Evans,Male
Michael,Stoklasa,Male
Jack,Packard,Male
Jason,Bauman,Male
Grace,Moffat,Female
Stephanie,DiGregorio,Female
Cecilia,Brady,Female
Thomas,Enright,Male
Patrick,Haran,Male
Leticia,Broomfield,Female
Scott,Mullins,Male
Isabella,Ortiz,Female
Nicolette,Potnick,Female
Ronald,McDonald,Male
Charles,Kelly,Male
Deandra,Reynolds,Female
Dennis,Reynolds,Male
Frank,Reynolds,Male
Matthew,Mara,Male
Ann,Veal,Female
Megan,Schuyler,Female
Bartholomew,Harrison,Male
Dominick,Migliore,Male
Agatha,Ryan,Female
Susan,Ross,Female
Keith,Parker,Male
Mortimer,Thomson,Male
Seth,Clayton,Male
Sarah,Lawson,Female